Add restaurant,2023-05-21 17:25:03
Update menu,2023-05-21 17:25:03
Update menu,2023-05-21 17:25:03
Add restaurant,2023-05-21 17:25:03
Update menu,2023-05-21 17:25:03
Get restaurants,2023-05-21 17:25:03
Minimum price check,2023-05-21 17:25:03
Calculate order price,2023-05-21 17:25:03
Add order,2023-05-21 17:25:03
Get restaurants,2023-05-21 17:25:03
validate age,2023-05-21 17:25:03
validate experience,2023-05-21 17:25:03
Get orders,2023-05-21 17:25:03
Add order to driver,2023-05-21 17:25:03
validate age,2023-05-21 17:25:03
validate experience,2023-05-21 17:25:03
add employee,2023-05-21 17:25:03
validate age,2023-05-21 17:25:03
validate experience,2023-05-21 17:25:03
add employee,2023-05-21 17:25:03
validate age,2023-05-21 17:25:03
validate experience,2023-05-21 17:25:03
add employee,2023-05-21 17:25:03
Get restaurants,2023-05-21 17:25:03
Get orders,2023-05-21 17:25:03
Get employees,2023-05-21 17:25:03
Get restaurants,2023-05-21 17:25:03
Get orders,2023-05-21 17:25:03
Get employees,2023-05-21 17:25:03
Add food,2023-05-21 17:25:03
Add food,2023-05-21 17:25:03
Add food,2023-05-21 17:25:03
validate age,2023-05-21 17:25:03
validate experience,2023-05-21 17:25:03
validate age,2023-05-21 17:25:03
validate experience,2023-05-21 17:25:03
Get employees,2023-05-21 17:25:03
Add restaurant,2023-05-21 17:25:33
Get food,2023-05-21 17:25:33
Get food,2023-05-21 17:25:35
Update menu,2023-05-21 17:25:35
Get food,2023-05-21 17:25:40
Update menu,2023-05-21 17:25:40
Input restaurant,2023-05-21 17:25:41
Get employees,2023-05-21 17:25:41
Get restaurants,2023-05-21 17:25:41
Get restaurants,2023-05-21 17:25:42
Get restaurants,2023-05-21 17:25:45
Get restaurants,2023-05-21 17:25:46
Get restaurants,2023-05-21 17:25:47
Minimum price check,2023-05-21 17:25:47
Calculate order price,2023-05-21 17:25:47
Add order,2023-05-21 17:25:47
Add order to driver,2023-05-21 17:25:47
validate age,2023-05-21 17:25:47
validate experience,2023-05-21 17:25:47
add employee,2023-05-21 17:25:47
Calculate order price,2023-05-21 17:25:47
Place Order,2023-05-21 17:25:47
Get restaurants,2023-05-21 17:25:47
Get orders,2023-05-21 17:25:47
Get employees,2023-05-21 17:25:47
Get employees,2023-05-21 17:25:47
Get restaurants,2023-05-21 17:25:47
Get orders,2023-05-21 17:25:58
Get food,2023-05-21 17:25:58
Get orders,2023-05-21 17:25:58
